155,The Dark Knight,2008-07-16,8.5,en
13,Forrest Gump,1994-07-06,8.5,en
572154,Rascal Does Not Dream of a Dreaming Girl,2019-06-15,8.5,ja
429,"The Good, the Bad and the Ugly",1966-12-23,8.5,it
40096,A Dog's Will,2000-09-15,8.5,pt
11216,Cinema Paradiso,1988-11-17,8.5,it
637,Life Is Beautiful,1997-12-20,8.5,it
556574,Hamilton,2020-07-03,8.5,en
791373,Zack Snyder's Justice League,2021-03-18,8.5,en
769,GoodFellas,1990-09-12,8.5,en
311,Once Upon a Time in America,1984-05-23,8.4,en
346,Seven Samurai,1954-04-26,8.4,ja
615457,Nobody,2021-03-26,8.4,en
539,Psycho,1960-06-22,8.4,en
510,One Flew Over the Cuckoo's Nest,1975-11-18,8.4,en
550,Fight Club,1999-10-15,8.4,en
14537,Harakiri,1962-09-15,8.4,ja
532067,KonoSuba: God's Blessing on this Wonderful World! Legend of Crimson,2019-08-30,8.4,ja
598,City of God,2002-02-05,8.4,pt
378064,A Silent Voice: The Movie,2016-09-17,8.4,ja
19404,Dilwale Dulhania Le Jayenge,1995-10-20,8.7,hi
724089,Gabriel's Inferno Part II,2020-07-31,8.7,en
278,The Shawshank Redemption,1994-09-23,8.7,en
238,The Godfather,1972-03-14,8.7,en
337404,Cruella,2021-05-26,8.7,en
761053,Gabriel's Inferno Part III,2020-11-19,8.7,en
696374,Gabriel's Inferno,2020-05-29,8.7,en
424,Schindler's List,1993-11-30,8.6,en
240,The Godfather: Part II,1974-12-20,8.6,en
496243,Parasite,2019-05-30,8.5,ko
372058,Your Name.,2016-08-26,8.6,ja
129,Spirited Away,2001-07-20,8.5,ja
447362,Life in a Year,2020-11-27,8.5,en
592350,My Hero Academia: Heroes Rising,2019-12-20,8.5,ja
497,The Green Mile,1999-12-10,8.5,en
680,Pulp Fiction,1994-09-10,8.5,en
441130,Wolfwalkers,2020-10-26,8.5,en
389,12 Angry Men,1957-04-10,8.5,en
122,The Lord of the Rings: The Return of the King,2003-12-01,8.5,en
644479,Dedicated to my ex,2019-11-01,8.5,es
785534,Paper Lives,2021-03-12,8.2,tr
20914,My Friends,1975-08-15,8.2,it
399106,Piper,2016-06-16,8.2,en
284,The Apartment,1960-06-21,8.2,en
2457,Children of Paradise,1945-03-15,8.2,fr
10098,The Kid,1921-01-21,8.2,en
185,A Clockwork Orange,1971-12-19,8.2,en
694,The Shining,1980-05-23,8.2,en
354912,Coco,2017-10-27,8.2,en
992,Sherlock Jr.,1924-04-17,8.2,en
426,Vertigo,1958-05-28,8.2,en
629,The Usual Suspects,1995-07-19,8.2,en
11,Star Wars,1977-05-25,8.2,en
406997,Wonder,2017-11-13,8.2,en
16869,Inglourious Basterds,2009-08-19,8.2,en
77,Memento,2000-10-11,8.2,en
20530,Late Spring,1949-09-13,8.2,ja
568160,Weathering with You,2019-06-19,8.2,ja
5801,Pather Panchali,1955-08-26,8.2,bn
37257,Witness for the Prosecution,1957-12-17,8.3,en
16672,Woman in the Dunes,1964-02-15,8.3,ja
299534,Avengers: Endgame,2019-04-24,8.3,en
797,Persona,1966-10-18,8.3,sv
110420,Wolf Children,2012-07-21,8.3,ja
439,La Dolce Vita,1960-02-05,8.2,it
398818,Call Me by Your Name,2017-09-01,8.3,en
422,8½,1963-02-14,8.3,it
158445,Miracle in Cell No. 7,2013-01-23,8.3,ko
490132,Green Book,2018-11-16,8.3,en
531428,Portrait of a Lady on Fire,2019-06-17,8.3,fr
77338,The Intouchables,2011-11-02,8.3,fr
299536,Avengers: Infinity War,2018-04-25,8.3,en
1585,It's a Wonderful Life,1946-12-20,8.3,en
670,Oldboy,2003-11-21,8.3,ko
24188,Il Sorpasso,1962-12-04,8.3,it
8587,The Lion King,1994-06-23,8.3,en
11659,The Best of Youth,2003-06-22,8.2,it
508442,Soul,2020-12-25,8.2,en
10494,Perfect Blue,1997-07-25,8.2,ja
705,All About Eve,1950-10-06,8.2,en
490,The Seventh Seal,1957-02-16,8.2,sv
872,Singin' in the Rain,1952-04-09,8.2,en
527774,Raya and the Last Dragon,2021-03-03,8.2,en
103,Taxi Driver,1976-02-09,8.2,en
996,Double Indemnity,1944-06-14,8.2,en
666,Central Station,1998-11-20,8.2,pt
1124,The Prestige,2006-10-19,8.2,en
24382,Big Deal on Madonna Street,1958-06-06,8.2,it
98,Gladiator,2000-05-01,8.2,en
19,Metropolis,1927-02-06,8.2,de
100,"Lock, Stock and Two Smoking Barrels",1998-03-05,8.2,en
28422,Love Exposure,2009-01-31,8.2,ja
654299,Out Of The Clear Blue Sky,2019-12-24,8.2,es
411088,The Invisible Guest,2016-09-22,8.2,es
11878,Yojimbo,1961-04-25,8.2,ja
610461,"Veinteañera, divorciada y fantástica",2020-02-14,8.2,es
606856,Togo,2019-12-20,8.2,en
475557,Joker,2019-10-02,8.2,en
857,Saving Private Ryan,1998-07-24,8.2,en
42229,A Special Day,1977-08-11,8.2,it
638507,How to Train Your Dragon: Homecoming,2019-10-25,8.2,en
50014,The Help,2011-08-09,8.2,en
523781,Words on Bathroom Walls,2020-08-21,8.2,en
548,Rashomon,1950-08-26,8.2,ja
11324,Shutter Island,2010-02-14,8.2,en
800,The Young and the Damned,1950-12-09,8.2,es
500,Reservoir Dogs,1992-09-02,8.2,en
9764,Dersu Uzala,1975-08-02,8.2,ru
1422,The Departed,2006-10-05,8.2,en
239,Some Like It Hot,1959-03-19,8.2,en
324786,Hacksaw Ridge,2016-10-07,8.2,en
614,Wild Strawberries,1957-12-26,8.2,sv
935,Dr. Strangelove or: How I Learned to Stop Worrying and Love the Bomb,1964-01-29,8.2,en
111,Scarface,1983-12-09,8.1,en
895,Andrei Rublev,1966-12-16,8.2,ru
652722,In the Arms of an Assassin,2019-12-06,8.1,es
289,Casablanca,1942-11-26,8.2,en
603,The Matrix,1999-03-30,8.2,en
437068,A Taxi Driver,2017-08-02,8.1,ko
455661,In a Heartbeat,2017-06-01,8.1,en
635302,Demon Slayer -Kimetsu no Yaiba- The Movie: Mugen Train,2020-10-16,8.4,ja
12493,High and Low,1963-03-01,8.4,ja
901,City Lights,1931-02-01,8.4,en
567,Rear Window,1954-09-01,8.4,en
527641,Five Feet Apart,2019-03-15,8.4,en
664767,Mortal Kombat Legends: Scorpion's Revenge,2020-04-12,8.4,en
27205,Inception,2010-07-15,8.3,en
120,The Lord of the Rings: The Fellowship of the Ring,2001-12-18,8.4,en
128,Princess Mononoke,1997-07-12,8.3,ja
121,The Lord of the Rings: The Two Towers,2002-12-18,8.3,en
3082,Modern Times,1936-02-11,8.3,en
807,Se7en,1995-09-22,8.3,en
157336,Interstellar,2014-11-05,8.3,en
313106,Doctor Who: The Day of the Doctor,2013-11-23,8.3,en
432517,Sherlock: The Final Problem,2017-01-15,8.3,en
20532,Sansho the Bailiff,1954-03-31,8.3,ja
335,Once Upon a Time in the West,1968-12-21,8.3,it
975,Paths of Glory,1957-10-25,8.3,en
274,The Silence of the Lambs,1991-02-01,8.3,en
101,Léon: The Professional,1994-09-14,8.3,en
207,Dead Poets Society,1989-06-02,8.3,en
10376,The Legend of 1900,1998-10-28,8.3,it
620683,My Mom is a Character 3,2019-12-26,8.3,pt
755812,"Miraculous World: New York, United HeroeZ",2020-09-26,8.3,fr
600354,The Father,2020-12-23,8.3,en
25237,Come and See,1985-09-03,8.3,ru
265177,Mommy,2014-05-22,8.3,fr
18148,Tokyo Story,1953-11-03,8.3,ja
290098,The Handmaiden,2016-06-01,8.3,ko
637920,Miracle in Cell No. 7,2019-10-10,8.3,tr
29259,Le Trou,1960-03-18,8.3,fr
105,Back to the Future,1985-07-03,8.3,en
508965,Klaus,2019-11-08,8.3,en
26451,Investigation of a Citizen Above Suspicion,1970-10-16,8.3,it
28,Apocalypse Now,1979-08-15,8.3,en
517814,Capernaum,2018-10-06,8.3,ar
504253,I Want to Eat Your Pancreas,2018-09-01,8.3,ja
5156,Bicycle Thieves,1948-11-24,8.3,it
1398,Stalker,1979-05-25,8.3,ru
470044,The Hate U Give,2018-10-19,8.3,en
92321,Hotarubi no Mori e,2011-09-17,8.4,ja
630566,Clouds,2020-10-09,8.4,en
618344,Justice League Dark: Apokolips War,2020-05-05,8.4,en
12477,Grave of the Fireflies,1988-04-16,8.4,ja
537061,Steven Universe: The Movie,2019-09-02,8.4,en
476292,Maquia: When the Promised Flower Blooms,2018-02-24,8.4,ja
324857,Spider-Man: Into the Spider-Verse,2018-12-06,8.4,en
4935,Howl's Moving Castle,2004-11-19,8.4,ja
522924,The Art of Racing in the Rain,2019-08-08,8.4,en
599,Sunset Boulevard,1950-08-10,8.4,en
640344,Me contro Te: Il film - La vendetta del Signor S,2020-01-17,8.4,it
423108,The Conjuring: The Devil Made Me Do It,2021-05-25,8.4,en
42269,We All Loved Each Other So Much,1974-12-21,8.4,it
3782,Ikiru,1952-10-09,8.4,ja
914,The Great Dictator,1940-10-23,8.4,en
1891,The Empire Strikes Back,1980-05-20,8.4,en
73,American History X,1998-10-30,8.4,en
244786,Whiplash,2014-10-10,8.4,en
18491,Neon Genesis Evangelion: The End of Evangelion,1997-07-19,8.4,ja
423,The Pianist,2002-09-17,8.4,en
15251,Eddie Murphy: Delirious,1983-08-17,7.8,en
503314,Dragon Ball Super: Broly,2018-12-14,7.8,ja
18079,Nine Queens,2000-08-31,7.8,es
3763,Onibaba,1964-11-21,7.8,ja
354857,Regular Show: The Movie,2015-09-01,7.8,en
337960,Holding the Man,2015-08-27,7.8,en
583,Life of Brian,1979-08-17,7.8,en
143,All Quiet on the Western Front,1930-04-29,7.8,en
1480,Touch of Evil,1958-03-30,7.8,en
359784,Maudie,2016-06-16,7.8,en
136,Freaks,1932-02-12,7.8,en
107,Snatch,2000-09-01,7.8,en
9421,The Dinner Game,1998-04-15,7.8,fr
508933,Ricky Gervais: Humanity,2018-03-13,7.8,en
10193,Toy Story 3,2010-06-16,7.8,en
21135,L'Eclisse,1962-04-12,7.8,it
435366,Fabricated City,2017-02-09,7.8,ko
12444,Harry Potter and the Deathly Hallows: Part 1,2010-10-17,7.8,en
264644,Room,2015-10-16,8.1,en
580175,Another Round,2020-09-24,7.8,da
38360,The Cranes Are Flying,1957-10-12,8.1,ru
8392,My Neighbor Totoro,1988-04-16,8.1,ja
4348,Pride & Prejudice,2005-09-16,8.1,en
38,Eternal Sunshine of the Spotless Mind,2004-03-19,8.1,en
961,The General,1926-12-25,8.1,en
117,The Untouchables,1987-06-03,7.8,en
204,The Wages of Fear,1953-04-22,8.1,fr
552532,Charm City Kings,2020-01-27,8.1,en
387,Das Boot,1981-09-16,8.1,de
310569,The Second Mother,2015-02-08,8.1,pt
26022,My Name Is Khan,2010-02-11,8.1,hi
667520,A Whisker Away,2020-06-18,8.1,ja
282848,Doctor Who: The Time of the Doctor,2013-12-25,8.1,en
780,The Passion of Joan of Arc,1928-04-21,8.1,fr
11423,Memories of Murder,2003-05-02,8.1,ko
19426,Nights of Cabiria,1957-10-03,8.1,it
582,The Lives of Others,2006-03-15,8.1,de
821,Judgment at Nuremberg,1961-12-18,8.1,en
595,To Kill a Mockingbird,1962-12-20,8,en
307,"Rome, Open City",1945-09-27,8.1,it
400928,Gifted,2017-04-12,8.1,en
654,On the Waterfront,1954-06-22,8,en
505262,My Hero Academia: Two Heroes,2018-08-03,8,ja
280,Terminator 2: Judgment Day,1991-07-03,8,en
397567,Along with the Gods: The Two Worlds,2017-12-14,8,ko
938,For a Few Dollars More,1965-05-10,8,it
10681,WALL·E,2008-06-22,8,en
424694,Bohemian Rhapsody,2018-10-24,8,en
7508,Like Stars on Earth,2007-12-21,8,hi
110416,Song of the Sea,2014-09-06,8,en
501929,The Mitchells vs. the Machines,2021-04-22,8,en
12104,Pink Floyd: The Wall,1982-07-14,8,en
146233,Prisoners,2013-09-18,8,en
641,Requiem for a Dream,2000-10-06,8,en
15244,A Man Escaped,1956-11-11,8,fr
429210,Bingo: The King of the Mornings,2017-08-24,8,pt
205596,The Imitation Game,2014-11-14,8,en
962,The Gold Rush,1925-07-12,8,en
48035,Ordet,1955-01-09,8,da
2517,Nobody Knows,2004-08-07,8,ja
11778,The Deer Hunter,1978-03-09,8,en
770,Gone with the Wind,1939-12-15,8,en
3090,The Treasure of the Sierra Madre,1948-01-15,8,en
3175,Barry Lyndon,1975-11-26,8,en
140420,Paperman,2012-11-02,8,en
31411,The Cameraman,1928-09-10,8,en
594634,Close to the Horizon,2019-10-10,8,de
488623,Forgotten,2017-11-29,8,ko
160885,Tel chi el telùn,1999-05-12,8,it
599521,Z-O-M-B-I-E-S 2,2020-02-14,8,en
41050,La Notte,1961-01-23,8,it
29264,The Exterminating Angel,1962-05-16,8,es
673,Harry Potter and the Prisoner of Azkaban,2004-05-31,8,en
110,Three Colors: Red,1994-05-27,8,fr
279,Amadeus,1984-09-06,8,en
106646,The Wolf of Wall Street,2013-12-25,8,en
10238,Cries and Whispers,1972-12-21,8,sv
28178,Hachi: A Dog's Tale,2009-06-13,8,en
28971,Limelight,1952-10-23,8,en
25376,The Secret in Their Eyes,2009-08-13,8,es
423612,Never Look Away,2018-10-03,7.9,de
399174,Isle of Dogs,2018-03-23,7.9,en
323272,War Room,2015-08-28,7.9,en
352173,Drishyam,2015-07-30,7.9,hi
20139,The Children's Hour,1961-12-19,7.9,en
235,Stand by Me,1986-08-08,7.9,en
27040,Meshes of the Afternoon,1943-01-01,7.9,en
336804,Mustang,2015-06-17,7.9,tr
152742,The Best Offer,2013-01-01,7.9,en
31011,Mr. Nobody,2009-11-06,7.9,en
24480,Partly Cloudy,2009-05-28,7.9,en
11953,Kagemusha,1980-04-26,7.9,ja
33320,Millennium Actress,2002-08-31,7.9,ja
32480,The Marquis of Grillo,1981-12-23,7.9,it
597,Titanic,1997-11-18,7.9,en
93,Anatomy of a Murder,1959-07-01,7.9,en
6075,Carlito's Way,1993-11-10,7.9,en
47931,Elite Squad: The Enemy Within,2010-10-08,7.9,pt
11656,The Virgin Spring,1960-02-08,7.9,sv
614409,To All the Boys: Always and Forever,2021-02-12,7.9,en
627,Trainspotting,1996-02-23,8,en
3777,Throne of Blood,1957-01-15,8,ja
17295,The Battle of Algiers,1966-09-08,8,it
20453,3 Idiots,2009-12-23,8,hi
522212,Just Mercy,2019-12-25,8,en
3083,Mr. Smith Goes to Washington,1939-10-19,8,en
10515,Castle in the Sky,1986-08-02,8,ja
7857,Amarcord,1973-12-13,8,it
775,A Trip to the Moon,1902-04-17,8,fr
359724,Ford v Ferrari,2019-11-13,8,en
947,Lawrence of Arabia,1962-12-11,8,en
316029,The Greatest Showman,2017-12-20,8,en
491480,The Boy Who Harnessed the Wind,2019-03-01,8,en
20271,Divorce Italian Style,1961-12-20,8,it
142061,"Batman: The Dark Knight Returns, Part 2",2013-01-03,8,en
11658,Tae Guk Gi: The Brotherhood of War,2004-02-05,8,ko
24,Kill Bill: Vol. 1,2003-10-10,8,en
242828,When Marnie Was There,2014-07-19,8,ja
10242,What Ever Happened to Baby Jane?,1962-10-31,8,en
70,Million Dollar Baby,2004-12-15,8,en
367412,Whiplash,2013-01-18,7.9,en
38286,Three Men and a Leg,1997-12-27,8,it
18438,Castaway on the Moon,2009-05-14,8,ko
1092,The Third Man,1949-08-31,8,en
524,Casino,1995-11-22,8,en
213,North by Northwest,1959-07-08,8,en
1580,Rope,1948-03-11,8,en
10404,Raise the Red Lantern,1991-12-20,8,zh
556901,Teen Titans Go! vs. Teen Titans,2019-07-21,8,en
746957,You've Got This,2020-10-02,8,es
1091,The Thing,1982-06-25,8,en
13223,Gran Torino,2008-12-09,8,en
15383,Army of Shadows,1969-09-10,8,fr
12761,Autumn Sonata,1978-10-08,8,sv
10728,Faust,1926-10-13,8,de
11010,The Postman,1994-04-07,8,it
94047,My Way,2011-12-21,8,ko
615453,Ne Zha,2019-07-26,8,zh
164,Breakfast at Tiffany's,1961-10-06,7.7,en
1578,Raging Bull,1980-11-14,8,en
1075,"Black Cat, White Cat",1998-06-01,7.7,sr
6844,The Ten Commandments,1956-10-05,7.7,en
23832,For Love and Gold,1966-04-07,7.7,it
20803,Ivan Vasilyevich Changes His Profession,1973-09-17,8,ru
16391,Black Narcissus,1947-05-26,7.7,en
24160,My Friends Act II,1982-12-22,7.7,it
10229,A Walk to Remember,2002-01-25,7.7,en
11898,Kind Hearts and Coronets,1949-06-21,7.7,en
562,Die Hard,1988-07-15,7.7,en
486589,Red Shoes And The Seven Dwarfs,2019-07-25,7.7,en
51608,The Man from Nowhere,2010-08-04,7.7,ko
11482,The Tenant,1976-05-26,7.7,fr
995,Stagecoach,1939-03-03,7.7,en
891,All the President's Men,1976-04-04,7.7,en
284427,Who Am I,2014-09-25,7.7,de
612706,Work It,2020-08-07,7.7,en
15121,The Sound of Music,1965-03-29,7.7,en
1628,Jules and Jim,1962-01-23,7.7,fr
12516,Dreams,1990-05-11,7.7,ja
205,Hotel Rwanda,2004-03-04,7.7,en
56231,The Working Class Goes to Heaven,1971-09-17,7.9,it
293299,Feast,2014-10-25,7.9,en
113833,The Normal Heart,2014-05-25,7.9,en
804,Roman Holiday,1953-08-26,7.9,en
329,Jurassic Park,1993-06-11,7.9,en
505192,Shoplifters,2018-06-02,7.9,ja
122906,About Time,2013-09-04,7.9,en
13398,Tokyo Godfathers,2003-12-29,7.9,ja
5924,Papillon,1973-12-13,7.9,en
1394,Nostalgia,1983-05-01,7.9,ru
934,Rififi,1955-04-13,7.9,fr
10774,Network,1976-11-01,7.9,en
656563,Rich in Love,2020-04-30,7.9,pt
83564,La luna,2012-02-10,7.9,en
637649,Wrath of Man,2021-04-22,7.9,en
266856,The Theory of Everything,2014-11-26,7.9,en
22843,Evangelion: 2.0 You Can (Not) Advance,2009-06-26,7.9,ja
398924,A Bag of Marbles,2017-01-18,7.9,fr
3870,1900,1976-09-03,7.9,it
1646,Freedom Writers,2007-01-05,7.9,en
7984,In the Name of the Father,1993-12-12,7.9,en
369557,Sing Street,2016-03-11,7.9,en
10674,Mulan,1998-06-18,7.9,en
583083,The Kissing Booth 2,2020-07-24,7.9,en
183011,Justice League: The Flashpoint Paradox,2013-07-30,7.9,en
31056,A Short Film About Love,1988-01-01,7.9,pl
379170,Sherlock: The Abominable Bride,2016-01-01,7.9,en
21334,Children of Heaven,1997-08-01,7.9,fa
301,Rio Bravo,1959-03-17,7.9,en
609242,The Heist of the Century,2020-01-16,7.9,es
20123,Time of the Gypsies,1988-12-21,7.9,sh
2721,Z,1969-02-26,7.9,fr
197,Braveheart,1995-05-24,7.9,en
6977,No Country for Old Men,2007-11-08,7.9,en
5511,Le Samouraï,1967-10-25,7.9,fr
81,Nausicaä of the Valley of the Wind,1984-03-11,7.9,ja
29455,Winter Light,1963-02-11,7.9,sv
24167,Two Women,1960-12-22,7.9,it
33,Unforgiven,1992-08-07,7.9,en
671,Harry Potter and the Philosopher's Stone,2001-11-16,7.9,en
579245,The Specials,2019-10-23,7.9,fr
150540,Inside Out,2015-06-09,7.9,en
2011,Persepolis,2007-06-27,7.9,fr
640,Catch Me If You Can,2002-12-25,7.9,en
414419,Kill Bill: The Whole Bloody Affair,2017-03-27,7.9,en
736069,Justice Society: World War II,2021-04-27,7.9,en
8290,Don't Look Now: We're Being Shot At,1966-12-08,7.9,fr
455714,Bad Genius,2017-05-03,7.9,th
198,To Be or Not to Be,1942-03-05,7.9,en
829,Chinatown,1974-06-20,7.9,en
1892,Return of the Jedi,1983-05-25,7.9,en
234,The Cabinet of Dr. Caligari,1920-02-27,7.9,de
331482,Little Women,2019-12-25,7.9,en
25538,Yi Yi,2000-09-20,7.9,zh
16,Dancer in the Dark,2000-06-30,7.9,en
745,The Sixth Sense,1999-08-06,7.9,en
14160,Up,2009-05-28,7.9,en
579792,Cindy La Regia,2020-01-24,7.9,es
78,Blade Runner,1982-06-25,7.9,en
430424,See You Up There,2017-10-25,7.9,fr
169813,Short Term 12,2013-08-23,7.8,en
20334,The Shop Around the Corner,1940-01-12,7.8,en
314365,Spotlight,2015-11-06,7.8,en
29845,A Woman Under the Influence,1974-09-19,7.8,en
25253,Crooks in Clover,1963-11-27,7.8,fr
508439,Onward,2020-02-29,7.8,en
303,Notorious,1946-08-21,7.8,en
419478,Midnight Sun,2018-03-22,7.8,en
13042,Presto,2008-06-27,7.8,en
696,Manhattan,1979-04-25,7.8,en
15916,Angel's Egg,1985-12-22,7.8,ja
613,Downfall,2004-09-08,7.8,de
10757,Kabhi Khushi Kabhie Gham,2001-12-14,7.8,hi
968,Dog Day Afternoon,1975-09-21,7.8,en
6715,The Cure,1995-04-21,7.8,en
375794,No Manches Frida,2016-09-02,7.8,es
317442,The Last: Naruto the Movie,2014-12-06,7.8,ja
887,The Best Years of Our Lives,1946-12-25,7.8,en
81401,The Turin Horse,2011-02-15,7.8,hu
142,Brokeback Mountain,2005-09-10,7.8,en
30959,Kwaidan,1964-12-29,7.8,ja
15265,The Red Balloon,1956-08-24,7.8,fr
29458,One Hundred Steps,2000-09-01,7.8,it
585,"Monsters, Inc.",2001-11-01,7.8,en
762,Monty Python and the Holy Grail,1975-05-25,7.8,en
27670,Nothing Left to Do but Cry,1984-12-20,7.8,it
873,The Color Purple,1985-12-18,7.8,en
89,Indiana Jones and the Last Crusade,1989-05-24,7.8,en
553,Dogville,2003-05-19,7.8,en
492188,Marriage Story,2019-09-28,7.8,en
22683,Gifted Hands: The Ben Carson Story,2009-02-07,7.8,en
14069,The Girl Who Leapt Through Time,2006-07-15,7.8,ja
10775,Infernal Affairs,2002-12-12,7.8,cn
141,Donnie Darko,2001-10-26,7.8,en
707886,Feel the Beat,2020-06-19,7.8,en
556984,The Trial of the Chicago 7,2020-09-25,7.8,en
28162,A Matter of Life and Death,1946-12-15,7.8,en
180147,We Are the Nobles,2013-03-28,7.8,es
703,Annie Hall,1977-04-19,7.8,en
43949,Flipped,2010-08-06,7.8,en
25364,Ace in the Hole,1951-06-29,7.9,en
9323,Ghost in the Shell,1995-11-18,7.9,ja
1402,The Pursuit of Happyness,2006-12-14,7.9,en
118340,Guardians of the Galaxy,2014-07-30,7.9,en
194,Amélie,2001-04-25,7.9,fr
631,Sunrise: A Song of Two Humans,1927-11-04,7.9,en
446159,Bacurau,2019-08-29,7.9,pt
31442,Ivan's Childhood,1962-05-09,7.9,ru
381341,Perfect Strangers,2016-02-11,7.9,it
85,Raiders of the Lost Ark,1981-06-12,7.9,en
1675,Day for Night,1973-05-24,7.9,fr
185789,Mulholland Dr.,1999-01-01,7.9,en
506574,Descendants 3,2019-08-02,7.9,en
47796,Mamma Roma,1962-08-31,7.9,it
5544,Hiroshima Mon Amour,1959-06-10,7.9,fr
827,Diabolique,1955-01-29,7.9,fr
752,V for Vendetta,2006-02-23,7.9,en
10386,The Iron Giant,1999-08-06,7.9,en
679,Aliens,1986-07-18,7.9,en
404378,A Street Cat Named Bob,2016-11-04,7.9,en
62,2001: A Space Odyssey,1968-04-02,8.1,en
28978,The Circus,1928-01-06,8.1,en
9702,Bound by Honor,1993-02-05,8.1,en
521,Dial M for Murder,1954-05-29,8.1,en
315465,The Boy and the Beast,2015-07-11,8.1,ja
7347,Elite Squad,2007-10-12,8.1,pt
20941,Innocent Voices,2004-11-05,8.1,es
11104,Chungking Express,1994-07-14,8.1,cn
1059,The Hidden Fortress,1958-12-28,8.1,ja
9277,The Sting,1973-12-25,8.1,en
399566,Godzilla vs. Kong,2021-03-24,8.1,en
237791,The Way He Looks,2014-03-28,8,pt
381284,Hidden Figures,2016-12-10,8,en
360814,Dangal,2016-12-21,8,hi
58007,Poverty and Nobility,1954-04-08,8,it
458220,Palmer,2021-01-29,8,en
11712,Sanjuro,1962-01-01,8,ja
15,Citizen Kane,1941-04-17,8,en
14,American Beauty,1999-09-15,8,en
120467,The Grand Budapest Hotel,2014-02-26,8,en
20722,La Maison en Petits Cubes,2008-06-10,8,ja
833,Umberto D.,1952-01-20,8,it
632322,All My Life,2020-10-23,8,en
32085,Vincent,1982-10-01,8,en
5925,The Great Escape,1963-06-20,8,en
405,La Strada,1954-09-23,8,it
152532,Dallas Buyers Club,2013-11-17,8,en
60243,A Separation,2011-03-15,8,fa
530915,1917,2019-12-25,7.9,en
334533,Captain Fantastic,2016-07-02,7.9,en
3112,The Night of the Hunter,1955-08-26,7.9,en
862,Toy Story,1995-10-30,7.9,en
149,Akira,1988-07-16,7.9,ja
76203,12 Years a Slave,2013-10-18,7.9,en
30588,Monsieur Verdoux,1947-09-26,7.9,en
662,La Jetée,1962-02-16,7.9,fr
76,Before Sunrise,1995-01-27,7.9,en
223,Rebecca,1940-03-23,7.9,en
3034,Young Frankenstein,1974-12-15,7.9,en
10997,Farewell My Concubine,1993-10-26,7.9,zh
262,The King of Comedy,1982-12-18,7.8,en
4977,Paprika,2006-10-01,7.8,ja
587,Big Fish,2003-12-25,7.8,en
2118,L.A. Confidential,1997-09-19,7.8,en
10191,How to Train Your Dragon,2010-03-10,7.8,en
963,The Maltese Falcon,1941-10-18,7.8,en
990,The Hustler,1961-09-25,7.8,en
149870,The Wind Rises,2013-07-20,7.8,ja
40662,Batman: Under the Red Hood,2010-07-27,7.8,en
52345,Lisbela and the Prisoner,2003-08-22,7.8,pt
33602,Temple Grandin,2010-02-06,7.8,en
13929,Geri's Game,1997-11-24,7.8,en
2108,The Breakfast Club,1985-02-15,7.8,en
382591,Two Is a Family,2016-12-07,7.8,fr
534780,Andhadhun,2018-10-05,7.8,hi
84892,The Perks of Being a Wallflower,2012-09-20,7.8,en
903,Cool Hand Luke,1967-06-22,7.8,en
575452,The Traitor,2019-05-23,7.8,it
49797,I Saw the Devil,2010-08-12,7.8,ko
166428,How to Train Your Dragon: The Hidden World,2019-01-03,7.8,en
277216,Straight Outta Compton,2015-08-13,7.8,en
123025,"Batman: The Dark Knight Returns, Part 1",2012-08-21,7.8,en
22504,The King and the Mockingbird,1980-03-19,7.8,fr
11902,Underground,1995-04-11,7.8,sr
16761,Una Película de Huevos,2006-04-21,7.8,es
380,Rain Man,1988-12-11,7.8,en
11621,Porco Rosso,1992-07-18,7.8,ja
336808,Embrace of the Serpent,2015-05-25,7.8,es
86837,Amour,2012-07-01,7.8,fr
30018,Mother,2009-05-28,7.8,ko
11005,Awakenings,1990-12-04,7.8,en
216,Ali: Fear Eats the Soul,1974-06-05,7.8,de
15137,Evangelion: 1.0 You Are (Not) Alone,2007-09-01,7.8,ja
499,Cléo from 5 to 7,1962-04-11,7.8,fr
713776,If Anything Happens I Love You,2020-03-07,7.8,en
4495,The Spirit of the Beehive,1973-10-08,7.8,es
11697,The Man Who Shot Liberty Valance,1962-04-22,7.8,en
589739,Hair Love,2019-08-14,7.8,en
400160,The SpongeBob Movie: Sponge on the Run,2020-08-14,7.8,en
396535,Train to Busan,2016-07-20,7.8,ko
391,A Fistful of Dollars,1964-01-18,7.9,it
11293,Paper Moon,1973-05-09,7.9,en
3078,It Happened One Night,1934-02-22,7.9,en
210577,Gone Girl,2014-10-01,7.9,en
11036,The Notebook,2004-06-25,7.9,en
949,Heat,1995-12-15,7.9,en
37797,Whisper of the Heart,1995-07-15,7.9,ja
445030,No Game No Life: Zero,2017-07-15,7.9,ja
303867,World of Tomorrow,2015-01-22,7.9,en
564427,Minha Vida em Marte,2018-12-27,7.9,pt
11049,Interstella 5555: The 5tory of the 5ecret 5tar 5ystem,2003-05-28,7.9,ja
593,Solaris,1972-03-20,7.9,ru
275,Fargo,1996-03-08,7.9,en
393729,Divines,2016-08-31,7.9,fr
359156,Don't Be Bad,2015-09-08,7.9,it
152601,Her,2013-12-18,7.9,en
313369,La La Land,2016-11-29,7.9,en
16804,Departures,2008-09-13,7.9,ja
393,Kill Bill: Vol. 2,2004-04-16,7.9,en
144,Wings of Desire,1987-05-17,7.9,de
1633,Fried Green Tomatoes,1991-12-27,7.7,en
13187,A Charlie Brown Christmas,1965-12-09,7.7,en
576,The Wild Bunch,1969-06-17,7.7,en
247,The Killing,1956-06-06,7.7,en
313297,Kubo and the Two Strings,2016-08-18,7.7,en
25188,The Last Picture Show,1971-10-03,7.7,en
14282,Ninja Scroll,1993-06-05,7.7,ja
8016,Germany Year Zero,1948-12-01,7.7,it
678,Out of the Past,1947-11-25,7.7,en
9806,The Incredibles,2004-10-27,7.7,en
13363,The Man from Earth,2007-06-10,7.7,en
24428,The Avengers,2012-04-25,7.7,en
54186,Confessions,2010-06-04,7.7,ja
793,Blue Velvet,1986-09-19,7.7,en
167581,Free Fall,2013-05-27,7.7,de
11299,Cowboy Bebop: The Movie,2001-09-01,7.7,ja
1592,Primal Fear,1996-03-06,7.7,en
910,The Big Sleep,1946-08-23,7.7,en
413594,Sword Art Online: The Movie - Ordinal Scale,2017-02-18,7.7,ja
96721,Rush,2013-09-02,7.7,en
9023,Spirit: Stallion of the Cimarron,2002-05-24,7.7,en
8327,The Holy Mountain,1973-11-29,7.7,es
12429,Ponyo,2008-07-19,7.7,ja
11686,Love and Death,1975-06-10,7.7,en
8832,Il divo,2008-05-28,7.7,it
982,The Manchurian Candidate,1962-10-01,7.7,en
309,The Celebration,1998-06-19,7.7,da
211954,Instructions Not Included,2013-07-20,7.7,es
513434,One Cut of the Dead,2017-11-04,7.7,ja
3309,Mildred Pierce,1945-10-20,7.7,en
38251,Mediterraneo,1991-01-31,7.7,it
531,The Wrong Trousers,1993-12-17,7.7,en
37247,The Graduate,1967-12-21,7.7,en
83666,Moonrise Kingdom,2012-05-16,7.7,en
24657,The Sacrifice,1986-05-14,7.7,sv
675,Harry Potter and the Order of the Phoenix,2007-06-28,7.7,en
269,Breathless,1960-03-16,7.7,fr
15794,White Heat,1949-09-02,7.7,en
265169,Winter Sleep,2014-06-13,7.7,tr
9552,The Exorcist,1973-05-31,7.7,en
115,The Big Lebowski,1998-03-06,7.9,en
71157,Polisse,2011-10-06,7.9,fr
348892,Bajrangi Bhaijaan,2015-07-17,7.9,hi
726684,Miraculous World: Shanghai – The Legend of Ladydragon,2021-04-04,7.9,fr
265195,Wild Tales,2014-08-21,7.9,es
296096,Me Before You,2016-06-01,7.9,en
25606,White Collar Blues,1975-03-27,7.9,it
14574,The Boy in the Striped Pyjamas,2008-05-07,7.9,en
24238,Mary and Max,2009-02-09,7.9,en
677638,We Bare Bears: The Movie,2020-06-30,7.8,en
539517,Constantine: City of Demons - The Movie,2018-10-04,7.8,en
471707,Corpus Christi,2019-09-10,7.8,pl
546554,Knives Out,2019-11-27,7.8,en
581,Dances with Wolves,1990-03-30,7.8,en
453,A Beautiful Mind,2001-12-11,7.8,en
498249,Bad Seeds,2018-11-21,7.8,fr
435129,The Breadwinner,2017-11-17,7.8,en
22596,Safety Last!,1923-04-01,7.8,en
20126,Deep Red,1975-03-07,7.8,it
502,Fail Safe,1964-10-07,7.8,en
980,The Ox-Bow Incident,1943-03-11,7.8,en
13855,The Chaser,2008-02-14,7.8,ko
12,Finding Nemo,2003-05-30,7.8,en
335578,Land of Mine,2015-12-03,7.8,da
49687,Marriage Italian Style,1964-12-18,7.8,it
5961,Fanny and Alexander,1982-12-17,7.8,sv
805,Rosemary's Baby,1968-06-12,7.8,en
674,Harry Potter and the Goblet of Fire,2005-11-16,7.8,en
17483,Shelter,2007-06-16,7.8,en
336,"Duck, You Sucker",1971-10-20,7.8,it
10227,PlayTime,1967-12-16,7.8,fr
665,Ben-Hur,1959-12-26,7.8,en
16859,Kiki's Delivery Service,1989-07-29,7.8,ja
61979,Three Steps Above Heaven,2010-12-03,7.8,es
596054,Heroic Losers,2019-08-15,7.8,es
554590,Tod@s Caen,2019-08-30,7.8,es
80,Before Sunset,2004-02-10,7.8,en
263115,Logan,2017-02-28,7.8,en
1280,3-Iron,2004-10-15,7.8,ko
431693,Spies in Disguise,2019-12-04,7.7,en
393559,My Life as a Zucchini,2016-10-12,7.8,fr
40619,Day & Night,2010-06-17,7.7,en
10020,Beauty and the Beast,1991-11-13,7.7,en
16237,Teen Titans: Trouble in Tokyo,2006-09-15,7.7,en
1607,A Bronx Tale,1993-09-14,7.7,en
632,Stalag 17,1953-05-29,7.7,en
1700,Misery,1990-11-30,7.7,en
137182,The Broken Circle Breakdown,2012-10-09,7.7,nl
14836,Coraline,2009-02-05,7.7,en
374473,"I, Daniel Blake",2016-10-21,7.7,en
261,Cat on a Hot Tin Roof,1958-08-29,7.7,en
1417,Pan's Labyrinth,2006-08-25,7.7,es
12405,Slumdog Millionaire,2008-11-12,7.7,en
322,Mystic River,2003-01-01,7.7,en
2062,Ratatouille,2007-06-28,7.7,en
22,Pirates of the Caribbean: The Curse of the Black Pearl,2003-07-09,7.7,en
45269,The King's Speech,2010-09-06,7.7,en
238628,Tangerines,2013-10-16,7.7,et
3114,The Searchers,1956-05-07,7.7,en
8703,Three Wishes for Cinderella,1973-11-16,7.7,cs
11220,Fallen Angels,1995-09-06,7.7,cn
320007,Victoria,2015-06-11,7.7,de
334,Magnolia,1999-12-10,7.7,en
981,The Philadelphia Story,1940-12-05,7.7,en
653,Nosferatu,1922-02-17,7.7,de
586863,Les Misérables,2019-11-14,7.7,fr
9475,Scent of a Woman,1992-12-23,7.7,en
767,Harry Potter and the Half-Blood Prince,2009-07-07,7.7,en
14580,The Big Heat,1953-10-14,7.7,en
426426,Roma,2018-08-25,7.7,es
5528,The Chorus,2004-03-17,7.7,fr
10835,The Killer,1989-07-06,7.7,cn
4497,Viridiana,1961-05-17,7.7,es
4808,Charade,1963-12-05,7.7,en
342470,All the Bright Places,2020-02-28,7.7,en
11787,Harvey,1950-12-04,7.7,en
162,Edward Scissorhands,1990-12-05,7.7,en
99,All About My Mother,1999-04-19,7.7,es
13002,Barbie in The 12 Dancing Princesses,2006-09-19,7.7,en
10633,In the Heat of the Night,1967-08-02,7.7,en
297222,PK,2014-12-18,7.7,hi
776,The Rules of the Game,1939-07-09,7.7,fr
585244,I Still Believe,2020-03-12,7.7,en
371645,Hunt for the Wilderpeople,2016-03-31,7.7,en
845,Strangers on a Train,1951-06-27,7.7,en
792,Platoon,1986-12-19,7.7,en
10315,Fantastic Mr. Fox,2009-10-23,7.7,en
108,Three Colors: Blue,1993-09-08,7.7,fr
404,The Straight Story,1999-10-15,7.7,en
672,Harry Potter and the Chamber of Secrets,2002-11-13,7.7,en
221732,Rurouni Kenshin Part III: The Legend Ends,2014-09-13,7.7,ja
20108,Au Hasard Balthazar,1966-05-25,7.7,fr
25768,"Steamboat Bill, Jr.",1928-05-09,7.7,en
273248,The Hateful Eight,2015-12-25,7.7,en
14756,Ip Man,2008-12-12,7.7,cn
19026,Azur & Asmar: The Princes' Quest,2006-05-21,7.7,fr
11854,Kuch Kuch Hota Hai,1998-10-16,7.7,hi
165,Back to the Future Part II,1989-11-22,7.7,en
8416,The Conformist,1970-10-21,7.7,it
993,Sleuth,1972-12-10,7.7,en
1018,Mulholland Drive,2001-06-06,7.8,en
709629,War of Likes,2021-03-12,7.8,es
573699,White Snake,2019-01-11,7.9,zh
113,"Spring, Summer, Fall, Winter... and Spring",2003-09-19,7.8,ko
200727,"Love, Rosie",2014-10-16,7.8,en
851,Brief Encounter,1945-11-24,7.8,en
234200,Pride,2014-09-12,7.8,en
1908,Inherit the Wind,1960-07-07,7.8,en
9479,The Nightmare Before Christmas,1993-10-09,7.8,en
925,Do the Right Thing,1989-06-14,7.8,en
596,The Grapes of Wrath,1940-03-15,7.8,en
59440,Warrior,2011-09-09,7.8,en
777,Grand Illusion,1937-06-04,7.8,fr
1626,Vivre Sa Vie,1962-08-28,7.8,fr
451945,BPM (Beats per Minute),2017-08-23,7.8,fr
396,Who's Afraid of Virginia Woolf?,1966-06-22,7.8,en
826,The Bridge on the River Kwai,1957-10-11,7.8,en
11602,Through a Glass Darkly,1961-06-06,7.8,sv
2440,Joint Security Area,2000-09-09,7.8,ko
5915,Into the Wild,2007-09-11,7.8,en
348,Alien,1979-05-25,8.1,en
68718,Django Unchained,2012-12-25,8.1,en
147,The 400 Blows,1959-06-03,8.1,fr
515001,Jojo Rabbit,2019-10-18,8.1,en
574074,Kitbull,2019-01-18,8.1,en
655,"Paris, Texas",1984-08-23,8.1,en
518068,Along with the Gods: The Last 49 Days,2018-08-01,8.1,ko
19542,The Red Shoes,1948-09-06,8.1,en
7345,There Will Be Blood,2007-12-28,8.1,en
832,M,1931-05-11,8.1,de
37165,The Truman Show,1998-06-04,8.1,en
103663,The Hunt,2012-09-24,8.1,da
843,In the Mood for Love,2000-09-29,8.1,cn
458302,"Remi, Nobody's Boy",2018-12-12,8.1,fr
1955,The Elephant Man,1980-10-02,8.1,en
406,La Haine,1995-05-31,8.1,fr
538362,On My Skin,2018-09-12,8.1,it
8422,Rocco and His Brothers,1960-10-06,8.1,it
46738,Incendies,2010-09-04,8.1,fr
11645,Ran,1985-06-01,8.1,ja
16306,Fantastic Planet,1973-12-01,7.8,fr
502033,Sound of Metal,2020-11-20,7.8,en
1366,Rocky,1976-11-21,7.8,en
126319,Ernest & Celestine,2012-12-12,7.8,fr
177572,Big Hero 6,2014-10-24,7.8,en
12491,Accattone,1961-08-31,7.8,it
428493,God's Own Country,2017-09-01,7.8,en
1040,The Leopard,1963-03-28,7.8,it
9800,Philadelphia,1993-12-22,7.8,en
466282,To All the Boys I've Loved Before,2018-08-16,7.8,en
702,A Streetcar Named Desire,1951-09-18,7.8,en
203217,My Mom is a Character: The Film,2013-06-21,7.8,pt
582927,I'm No Longer Here,2019-10-21,7.7,es
110160,Laurence Anyways,2012-05-18,7.7,fr
15859,A Moment to Remember,2004-11-05,7.7,ko
49026,The Dark Knight Rises,2012-07-16,7.7,en
14811,Fiddler on the Roof,1971-11-03,7.7,en
269149,Zootopia,2016-02-11,7.7,en
525,The Blues Brothers,1980-06-16,7.7,en
16052,Selena,1997-03-21,7.7,en
420809,Maleficent: Mistress of Evil,2019-10-16,7.4,en
111969,Stuck in Love,2013-06-14,7.4,en
15774,Swades,2004-12-17,7.4,hi
9361,The Last of the Mohicans,1992-08-26,7.4,en
1429,25th Hour,2002-12-16,7.4,en
87827,Life of Pi,2012-11-20,7.4,en
25673,A Place in the Sun,1951-06-12,7.4,en
18925,Facing the Giants,2006-09-29,7.4,en
2252,Eastern Promises,2007-09-14,7.4,en
2759,"The Adventures of Priscilla, Queen of the Desert",1994-05-31,7.4,en
381,To Catch a Thief,1955-08-03,7.4,en
618354,Superman: Man of Tomorrow,2020-08-23,7.4,en
512895,Lady and the Tramp,2019-11-12,7.4,en
57361,The Yellow Sea,2010-12-22,7.4,ko
15362,Mesrine: Public Enemy #1,2008-11-19,7.4,fr
51828,One Day,2011-03-02,7.4,en
802,Lolita,1962-06-21,7.4,en
7249,Futurama: Bender's Big Score,2007-11-27,7.4,en
11881,Miracle on 34th Street,1947-06-11,7.4,en
17654,District 9,2009-08-05,7.4,en
251516,Kung Fury,2015-05-22,7.5,en
258480,Carol,2015-11-20,7.5,en
1949,Zodiac,2007-03-02,7.5,en
1251,Letters from Iwo Jima,2006-12-19,7.5,en
519010,Pain and Glory,2019-03-22,7.5,es
203833,The Book Thief,2013-11-08,7.5,en
432616,Promise at Dawn,2017-12-20,7.5,fr
19995,Avatar,2009-12-10,7.5,en
16234,Batman Beyond: Return of the Joker,2000-12-12,7.5,en
500664,Upgrade,2018-06-01,7.5,en
127501,Barfi!,2012-09-13,7.5,hi
11704,The Secret of NIMH,1982-06-17,7.5,en
9665,Glory,1989-12-15,7.5,en
335984,Blade Runner 2049,2017-10-04,7.5,en
31522,A Woman Is a Woman,1961-09-06,7.5,fr
11349,Cape Fear,1962-04-12,7.5,en
13754,Tekkonkinkreet,2006-12-11,7.5,ja
1847,The Long Goodbye,1973-03-07,7.5,en
106,Predator,1987-06-12,7.5,en
407445,Breathe,2017-10-13,7.5,en
13635,Mesrine: Killer Instinct,2008-10-22,7.4,fr
621,Grease,1978-07-07,7.4,en
187,Sin City,2005-04-01,7.4,en
376867,Moonlight,2016-10-21,7.4,en
249164,If I Stay,2014-08-21,7.4,en
687,Dead Man Walking,1995-12-29,7.4,en
839,Duel,1971-11-13,7.4,en
492,Being John Malkovich,1999-10-29,7.4,en
395834,Wind River,2017-08-03,7.4,en
255,Stolen Kisses,1968-09-04,7.4,fr
345938,The Shack,2017-03-03,7.4,en
205220,Philomena,2013-11-01,7.4,en
34647,Enter the Void,2009-06-17,7.4,en
12837,The Secret Life of Bees,2008-09-17,7.4,en
474395,Teen Titans Go! To the Movies,2018-07-27,7.4,en
394117,The Florida Project,2017-10-06,7.4,en
3085,His Girl Friday,1940-01-18,7.4,en
339984,Miracles from Heaven,2016-03-17,7.4,en
28055,Blood and Black Lace,1964-04-10,7.4,it
522369,Sorry We Missed You,2019-10-04,7.4,en
11167,Peeping Tom,1960-05-16,7.5,en
18333,Hour of the Wolf,1968-02-19,7.6,sv
16642,Days of Heaven,1978-09-13,7.6,en
339,Night on Earth,1991-12-12,7.5,en
552095,PAW Patrol: Mighty Pups,2019-05-17,7.5,en
315846,Our Little Sister,2015-06-13,7.5,ja
630220,18 Presents,2020-01-02,7.5,it
529203,The Croods: A New Age,2020-11-25,7.5,en
940,The Lady Vanishes,1938-10-07,7.5,en
10950,I Am Sam,2001-12-28,7.5,en
228205,The Longest Ride,2015-04-09,7.5,en
9340,The Goonies,1985-06-07,7.5,en
269258,Head Full of Honey,2014-12-25,7.5,de
460465,Mortal Kombat,2021-04-07,7.5,en
4951,10 Things I Hate About You,1999-03-30,7.5,en
28874,Summer Wars,2009-08-01,7.5,ja
25934,"To Sir, with Love",1967-06-14,7.5,en
11171,Mysterious Skin,2004-05-20,7.5,en
1541,Thelma & Louise,1991-05-24,7.5,en
8440,Carandiru,2003-03-21,7.5,pt
256040,Bāhubali: The Beginning,2015-07-10,7.5,te
648,Beauty and the Beast,1946-10-29,7.5,fr
457601,Everything You Want,2017-05-11,7.5,it
856,Who Framed Roger Rabbit,1988-06-21,7.5,en
27327,Phantom of the Paradise,1974-10-31,7.5,en
527,Once Were Warriors,1994-09-02,7.5,en
292011,Richard Jewell,2019-12-13,7.5,en
290,Barton Fink,1991-08-01,7.5,en
376290,Miss Sloane,2016-11-25,7.5,en
11481,Repulsion,1965-06-01,7.5,en
18988,The Lion in Winter,1968-10-30,7.5,en
228150,Fury,2014-10-15,7.5,en
786,Almost Famous,2000-09-15,7.5,en
33273,Cell 211,2009-11-06,7.5,es
34106,You Can't Take It with You,1938-09-01,7.5,en
71883,Redline,2010-05-27,7.5,ja
9428,The Royal Tenenbaums,2001-10-05,7.5,en
8333,The Taking of Pelham One Two Three,1974-10-02,7.5,en
364433,They Call Me Jeeg,2016-02-25,7.5,it
881,A Few Good Men,1992-12-11,7.5,en
330459,Rogue One: A Star Wars Story,2016-12-14,7.5,en
507505,El Angel,2018-08-09,7.5,es
11528,The Sandlot,1993-04-07,7.5,en
1023,Adam's Apples,2005-04-15,7.5,da
10784,Cabaret,1972-02-13,7.5,en
219,Volver,2006-03-16,7.5,es
983,The Man Who Would Be King,1975-12-03,7.5,en
704,A Hard Day's Night,1964-07-07,7.5,en
823,Jin-Roh: The Wolf Brigade,1999-11-17,7.5,ja
36557,Casino Royale,2006-11-14,7.5,en
499631,Fabrizio De André: Principe libero,2018-01-23,7.5,it
265180,Leviathan,2014-09-24,7.5,ru
508570,The One and Only Ivan,2020-08-21,7.5,en
145,Breaking the Waves,1996-05-13,7.5,da
252,Willy Wonka & the Chocolate Factory,1971-06-29,7.5,en
10843,After Hours,1985-09-13,7.5,en
75233,"Oslo, August 31st",2011-08-31,7.5,no
8321,In Bruges,2008-02-08,7.5,en
9549,The Right Stuff,1983-10-20,7.5,en
439584,I Can Quit Whenever I Want 3: Ad Honorem,2017-11-30,7.5,it
217993,Justice League: War,2014-02-02,7.5,en
79,Hero,2002-07-22,7.5,zh
13980,Sword of the Stranger,2007-09-29,7.5,ja
15097,Fear City: A Family-Style Comedy,1994-03-09,7.5,fr
613090,"Live Twice, Love Once",2019-09-06,7.5,es
10604,Zorba the Greek,1964-12-14,7.5,el
175,The Big Blue,1988-05-10,7.5,fr
11798,This Is England,2006-09-12,7.5,en
8094,The Magdalene Sisters,2002-09-12,7.5,en
379,Miller's Crossing,1990-09-21,7.5,en
383498,Deadpool 2,2018-05-10,7.5,en
11970,Hercules,1997-06-20,7.5,en
13310,Let the Right One In,2008-01-26,7.5,sv
22584,To Have and Have Not,1945-01-20,7.5,en
923,Dawn of the Dead,1978-09-02,7.5,en
8740,The Vanishing,1988-10-27,7.5,nl
3088,My Darling Clementine,1946-10-17,7.5,en
1883,Malcolm X,1992-11-18,7.5,en
18917,Alice,1988-08-03,7.5,cs
522,Ed Wood,1994-09-27,7.5,en
100271,A Letter to Momo,2012-04-21,7.5,ja
176241,Prison Break: The Final Break,2009-05-26,7.5,en
332562,A Star Is Born,2018-10-03,7.5,en
747,Shaun of the Dead,2004-04-09,7.5,en
4553,The Machinist,2004-02-09,7.5,en
437586,mid90s,2018-10-19,7.5,en
24807,Mr. Deeds Goes to Town,1936-04-09,7.5,en
4174,Spellbound,1945-11-08,7.5,en
487670,The Death of Superman,2018-07-24,7.5,en
74308,Detachment,2011-04-24,7.5,en
284293,Still Alice,2014-12-05,7.5,en
659959,Summer of 85,2020-07-14,7.5,fr
12163,The Wrestler,2008-09-07,7.5,en
85350,Boyhood,2014-06-05,7.5,en
583689,Moxie,2021-03-03,7.5,en
13060,Lifted,2006-12-28,7.5,en
138843,The Conjuring,2013-03-20,7.5,en
11031,This Is Spinal Tap,1984-05-04,7.5,en
2690,Irma la Douce,1963-06-05,7.5,en
985,Eraserhead,1978-02-03,7.5,en
9504,Glengarry Glen Ross,1992-09-15,7.4,en
620,Ghostbusters,1984-06-08,7.4,en
74643,The Artist,2011-10-08,7.4,en
363,Head-On,2004-03-11,7.4,de
10400,The Hurricane,1999-09-17,7.4,en
475888,Tell It to the Bees,2019-05-03,7.4,en
5723,Once,2007-03-23,7.4,en
8055,The Reader,2008-01-02,7.4,en
535356,Elisa & Marcela,2019-05-24,7.4,es
590223,Love and Monsters,2020-10-16,7.4,en
639,When Harry Met Sally...,1989-01-12,7.4,en
137106,The Lego Movie,2014-02-06,7.4,en
289222,The Zookeeper's Wife,2017-03-31,7.4,en
2034,Training Day,2001-10-05,7.4,en
101299,The Hunger Games: Catching Fire,2013-11-15,7.4,en
9461,Enter the Dragon,1973-08-17,7.4,en
3063,Duck Soup,1933-11-12,7.4,en
2501,The Bourne Identity,2002-06-14,7.4,en
196,Back to the Future Part III,1990-05-25,7.4,en
24653,The Consequences of Love,2004-09-24,7.6,it
433247,First They Killed My Father,2017-02-18,7.4,en
22881,The Blind Side,2009-11-20,7.6,en
14624,The Ultimate Gift,2007-03-09,7.6,en
221,Rebel Without a Cause,1955-10-29,7.6,en
127533,Rurouni Kenshin Part I: Origins,2012-08-25,7.6,ja
514439,Breakthrough,2019-04-10,7.6,en
3767,Gilda,1946-04-25,7.6,en
180299,The Raid 2,2014-03-27,7.6,id
18329,Happy Together,1997-05-30,7.6,zh
11113,My Fair Lady,1964-10-21,7.6,en
244,King Kong,1933-03-15,7.6,en
200481,The Blue Umbrella,2013-02-12,7.6,en
651881,Bye Bye Morons,2020-10-09,7.6,fr
177945,"Like Father, Like Son",2013-09-28,7.6,ja
31216,I Can't Think Straight,2008-06-01,7.6,en
309809,The Little Prince,2015-07-29,7.6,en
3009,The Trial,1962-12-21,7.6,en
11321,Seven Pounds,2008-12-18,7.6,en
15917,Devdas,2002-07-11,7.6,hi
746,The Last Emperor,1987-05-27,7.6,en
626,Un Chien Andalou,1929-06-05,7.5,fr
514575,A Twelve-Year Night,2018-09-20,7.5,es
127585,X-Men: Days of Future Past,2014-05-15,7.5,en
4638,Hot Fuzz,2007-02-14,7.5,en
529216,Mirage,2018-11-30,7.5,es
1902,Open Your Eyes,1997-12-19,7.5,es
3116,Midnight Cowboy,1969-05-25,7.5,en
429617,Spider-Man: Far From Home,2019-06-28,7.5,en
14257,Delusions of Grandeur,1971-12-08,7.5,fr
389015,"I, Tonya",2017-12-08,7.5,en
4550,Sympathy for Lady Vengeance,2005-07-29,7.5,ko
571,The Birds,1963-03-28,7.5,en
37903,The White Ribbon,2009-10-06,7.5,de
27632,Black Sunday,1960-08-12,7.5,it
11178,My Sassy Girl,2001-07-27,7.5,ko
26371,Maurice,1987-08-21,7.5,en
10363,Purple Noon,1960-03-10,7.5,fr
20992,Brother,1997-01-01,7.5,ru
76341,Mad Max: Fury Road,2015-05-13,7.5,en
3001,How to Steal a Million,1966-07-13,7.5,en
3110,Shane,1953-04-23,7.5,en
37719,A Night at the Opera,1935-11-15,7.5,en
10549,Hamlet,1996-12-25,7.5,en
466272,Once Upon a Time… in Hollywood,2019-07-24,7.5,en
9462,The Way of the Dragon,1972-06-01,7.5,cn
340666,Nocturnal Animals,2016-11-04,7.5,en
9385,The Twelve Tasks of Asterix,1976-06-26,7.5,fr
6404,Nosferatu the Vampyre,1979-01-17,7.5,de
428836,Ophelia,2019-06-28,7.5,en
530,A Grand Day Out,1990-05-18,7.5,en
387426,Okja,2017-06-28,7.5,en
211387,Marvel One-Shot: Agent Carter,2013-09-08,7.5,en
11549,Invasion of the Body Snatchers,1956-02-05,7.5,en
239571,The Best of Me,2014-10-15,7.5,en
16646,Russian Ark,2002-05-22,7.5,ru
274109,Palm Trees in the Snow,2015-12-25,7.5,es
76758,The Flowers of War,2011-12-15,7.5,zh
877,Scarface,1932-04-09,7.5,en
9008,The Insider,1999-03-10,7.5,en
7500,Sonatine,1993-04-10,7.5,ja
11906,Suspiria,1977-02-01,7.5,it
1544,Imagine Me & You,2005-02-01,7.5,en
3035,Frankenstein,1931-11-21,7.5,en
9918,Glory Road,2006-01-13,7.5,en
290542,You're Not You,2014-10-10,7.5,en
1954,The Butterfly Effect,2004-01-22,7.5,en
14919,Batman: Mask of the Phantasm,1993-12-25,7.5,en
11688,The Emperor's New Groove,2000-12-15,7.5,en
11506,The Silence,1963-09-23,7.5,sv
83389,From Up on Poppy Hill,2011-07-16,7.5,ja
503919,The Lighthouse,2019-10-18,7.5,en
440298,Cold War,2018-06-08,7.5,pl
782,Gattaca,1997-09-07,7.5,en
329865,Arrival,2016-11-10,7.5,en
650,Boyz n the Hood,1991-07-12,7.5,en
2009,"4 Months, 3 Weeks and 2 Days",2007-08-24,7.5,ro
10683,Happiness,1998-10-16,7.5,en
533444,Waves,2019-11-15,7.5,en
348678,A Man Called Ove,2015-12-25,7.5,sv
11190,The Return,2003-06-25,7.5,ru
200085,The Flu,2013-08-14,7.5,ko
63311,The Skin I Live In,2011-08-17,7.5,es
32909,Mulan: Rise of a Warrior,2009-01-01,7.5,zh
15999,Vampire Hunter D: Bloodlust,2000-08-25,7.5,ja
7735,The Wave,2008-03-11,7.5,de
456929,Champions,2018-04-06,7.5,es
59436,Midnight in Paris,2011-05-11,7.5,en
338,Good Bye Lenin!,2003-02-09,7.5,de
260513,Incredibles 2,2018-06-14,7.5,en
616,The Last Samurai,2003-01-09,7.5,en
16958,The Asphalt Jungle,1950-06-01,7.5,en
483983,Balloon,2018-09-27,7.5,de
37769,The Second Tragic Fantozzi,1976-04-15,7.5,it
15371,Lupin the Third: The Castle of Cagliostro,1979-12-15,7.5,ja
921,Cinderella Man,2005-06-02,7.5,en
907,Doctor Zhivago,1965-12-22,7.5,en
13930,For the Birds,2000-11-02,7.5,en
9366,Donnie Brasco,1997-02-27,7.5,en
1786,Au Revoir les Enfants,1987-10-07,7.5,fr
574,The Man Who Knew Too Much,1956-05-16,7.5,en
615643,Minari,2020-12-11,7.5,en
38396,That's Life,1998-12-18,7.5,it
11841,The 36th Chamber of Shaolin,1978-02-02,7.5,cn
408647,Teen Titans: The Judas Contract,2017-03-31,7.5,en
1407,La Vie en Rose,2007-02-14,7.5,fr
414425,Mudbound,2017-11-16,7.5,en
382614,The Book of Henry,2017-06-16,7.5,en
9028,The Great Silence,1968-02-21,7.5,it
18,The Fifth Element,1997-05-02,7.5,en
109,Three Colors: White,1994-01-26,7.5,fr
281957,The Revenant,2015-12-25,7.5,en
164249,Santa Claus Is a Stinker,1985-01-14,7.5,fr
779,Vampyr,1932-05-06,7.5,de
176983,One Piece Film: Z,2012-12-15,7.5,ja
69,Walk the Line,2005-09-13,7.5,en
118406,Naruto Shippuden the Movie: Road to Ninja,2012-07-28,7.5,ja
9495,The Crow,1994-05-11,7.5,en
346648,Paddington 2,2017-11-09,7.5,en
532,A Close Shave,1995-04-10,7.5,en
9394,They Call Me Trinity,1970-12-22,7.6,it
39324,Dragon Ball Z: The History of Trunks,1993-02-24,7.5,ja
3580,Changeling,2008-01-30,7.6,en
17431,Moon,2009-06-12,7.6,en
364137,All Three of Us,2015-11-04,7.6,fr
218,The Terminator,1984-10-26,7.6,en
468284,The Insult,2017-09-14,7.6,fr
11610,"Play It Again, Sam",1972-05-04,7.6,en
30020,Taste of Cherry,1997-09-28,7.6,fa
8342,No Man's Land,2001-09-08,7.6,bs
3529,The Thin Man,1934-05-25,7.6,en
2487,Lady Snowblood,1973-12-01,7.6,ja
216156,Still Life,2013-11-28,7.6,en
144288,Berserk: The Golden Age Arc III - The Advent,2013-02-01,7.6,ja
13403,Hedwig and the Angry Inch,2001-07-20,7.6,en
71,Billy Elliot,2000-05-18,7.6,en
52629,El Infierno,2010-09-03,7.6,es
592,The Conversation,1974-04-07,7.6,en
293660,Deadpool,2016-02-09,7.6,en
41411,The Round Up,2010-03-10,7.6,fr
194662,Birdman or (The Unexpected Virtue of Ignorance),2014-08-27,7.5,en
4024,Last Year at Marienbad,1961-05-25,7.6,fr
6916,"Watch Out, We're Mad",1974-03-29,7.5,it
9559,A Perfect World,1993-11-24,7.5,en
227306,Unbroken,2014-12-25,7.5,en
25403,Caro diario,1993-10-12,7.5,it
402693,100 Meters,2016-11-04,7.5,es
15165,Barbie as The Princess & the Pauper,2004-09-28,7.5,en
17809,Fist of Legend,1994-12-22,7.5,zh
10377,My Cousin Vinny,1992-03-13,7.5,en
7549,Fearless,2006-01-26,7.5,zh
38234,Undisputed III: Redemption,2010-05-22,7.5,en
76589,Justice League: Doom,2012-02-28,7.5,en
11471,A Better Tomorrow,1986-08-02,7.5,zh
10907,The Adventures of Robin Hood,1938-05-13,7.5,en
581528,"The Gangster, the Cop, the Devil",2019-05-15,7.5,ko
11901,High Plains Drifter,1973-04-19,7.5,en
429450,Pandora,2016-12-07,7.5,ko
583406,Judas and the Black Messiah,2021-02-12,7.5,en
374720,Dunkirk,2017-07-19,7.5,en
773,Little Miss Sunshine,2006-07-26,7.7,en
13353,"It's the Great Pumpkin, Charlie Brown",1966-10-27,7.5,en
9377,Ferris Bueller's Day Off,1986-06-11,7.7,en
1879,Guess Who's Coming to Dinner,1967-12-11,7.7,en
442065,The Last Full Measure,2020-01-23,7.6,en
4347,Atonement,2007-09-07,7.6,en
8358,Cast Away,2000-12-22,7.6,en
871,Planet of the Apes,1968-02-07,7.6,en
19223,A Pure Formality,1994-05-15,7.6,fr
19101,A Little Princess,1995-05-10,7.6,en
207703,Kingsman: The Secret Service,2014-12-13,7.6,en
12093,Lilya 4-ever,2002-08-23,7.6,sv
544510,"Cyrano, My Love",2019-01-09,7.6,fr
398978,The Irishman,2019-11-01,7.6,en
220,East of Eden,1955-03-09,7.6,en
333339,Ready Player One,2018-03-28,7.6,en
820,JFK,1991-12-20,7.6,en
25468,My Dinner with Andre,1981-10-11,7.6,en
283995,Guardians of the Galaxy Vol. 2,2017-04-19,7.6,en
49992,Lucky and Zorba,1998-12-22,7.6,it
812,Aladdin,1992-11-25,7.6,en
65218,Lemonade Mouth,2011-12-06,7.5,en
339403,Baby Driver,2017-06-28,7.5,en
154,Star Trek II: The Wrath of Khan,1982-06-04,7.5,en
17529,True Grit,1969-06-11,7.5,en
16858,All That Jazz,1979-12-16,7.5,en
11545,Rushmore,1998-12-11,7.5,en
9056,Police Story,1985-12-14,7.5,cn
4584,Sense and Sensibility,1995-12-13,7.5,en
13321,Lifeboat,1944-01-28,7.4,en
129670,Nebraska,2013-09-21,7.5,en
481432,Happy as Lazzaro,2018-05-31,7.5,it
273895,Selma,2014-12-25,7.5,en
72478,Suicide Room,2011-03-04,7.4,pl
4689,Sympathy for Mr. Vengeance,2002-03-29,7.4,ko
454626,Sonic the Hedgehog,2020-02-12,7.4,en
14092,Ghost in the Shell 2.0,2008-07-12,7.4,ja
345,Eyes Wide Shut,1999-07-16,7.4,en
575,The Experiment,2001-03-07,7.4,de
304357,Woman in Gold,2015-03-20,7.4,en
39107,Dragon Ball Z: Fusion Reborn,1995-03-04,7.4,ja
3933,Corpse Bride,2005-09-12,7.4,en
242643,Batman: Assault on Arkham,2014-08-12,7.4,en
2503,The Bourne Ultimatum,2007-08-03,7.4,en
686,Contact,1997-07-11,7.4,en
690,Pickpocket,1959-12-16,7.4,fr
315635,Spider-Man: Homecoming,2017-07-05,7.4,en
550231,The Secret: Dare to Dream,2020-04-16,7.4,en
271674,Suite Française,2015-03-12,7.4,en
166666,3096 Days,2013-02-21,7.4,de
644583,The Mauritanian,2021-02-12,7.4,en
794,The Omen,1976-06-06,7.4,en
1594,A Shot in the Dark,1964-06-23,7.4,en
228203,"McFarland, USA",2015-02-20,7.4,en
19666,Lagaan: Once Upon a Time in India,2001-06-15,7.4,hi
14438,Fireproof,2008-09-26,7.4,en
11978,Men of Honor,2000-09-13,7.4,en
615,The Passion of the Christ,2004-02-25,7.4,en
37775,"Bianco, rosso e Verdone",1981-02-20,7.4,it
425373,The Miracle Season,2018-04-13,7.4,en
416477,The Big Sick,2017-03-30,7.4,en
2013,The Diving Bell and the Butterfly,2007-05-23,7.6,fr
1567,I Stand Alone,1998-05-16,7.6,fr
9081,Waking Life,2001-10-19,7.6,en
586940,I Lost My Body,2019-11-06,7.6,fr
1712,Giant,1956-11-24,7.6,en
502897,Leto,2018-06-07,7.6,ru
301528,Toy Story 4,2019-06-19,7.6,en
75629,Evangelion: 3.0 You Can (Not) Redo,2012-11-17,7.6,ja
21191,Sin nombre,2009-03-20,7.6,es
4481,Manon of the Spring,1986-11-19,7.6,fr
375572,Italian Race,2016-04-07,7.6,it
74879,Once Upon a Time in Anatolia,2011-09-23,7.6,tr
11421,C.R.A.Z.Y.,2005-05-27,7.6,fr
229,The Bride of Frankenstein,1935-04-20,7.6,en
419430,Get Out,2017-02-24,7.6,en
137113,Edge of Tomorrow,2014-05-27,7.6,en
26280,I Killed My Mother,2009-06-05,7.6,fr
5708,Control,2007-09-26,7.6,en
61202,Zindagi Na Milegi Dobara,2011-07-15,7.6,hi
11327,Midnight Express,1978-08-31,7.6,en
16305,Sullivan's Travels,1941-11-30,7.6,en
551332,The Two Popes,2019-11-27,7.6,en
16619,Ordinary People,1980-09-19,7.6,en
863,Toy Story 2,1999-10-30,7.6,en
319,True Romance,1993-09-09,7.6,en
1051,The French Connection,1971-10-09,7.6,en
819,Sleepers,1996-10-18,7.6,en
621013,Chemical Hearts,2020-08-21,7.6,en
4922,The Curious Case of Benjamin Button,2008-12-25,7.6,en
755339,Just Another Christmas,2020-12-03,7.5,pt
14283,The Red Violin,1998-09-10,7.6,fr
26596,Johnny Guitar,1954-05-26,7.6,en
10787,The Invisible Man,1933-11-03,7.6,en
11344,A Bittersweet Life,2005-03-31,7.6,ko
15472,The Girl with the Dragon Tattoo,2009-02-27,7.6,sv
337703,The Red Turtle,2016-06-29,7.6,fr
6620,Sabrina,1954-09-10,7.6,en
381289,A Dog's Purpose,2017-01-19,7.6,en
765,Evil Dead II,1987-03-13,7.6,en
967,Spartacus,1960-10-13,7.6,en
451915,Beautiful Boy,2018-10-12,7.5,en
401698,Hidden Kisses,2015-05-04,7.5,fr
11159,Secrets & Lies,1996-05-24,7.5,en
10734,Escape From Alcatraz,1979-01-25,7.5,en
984,Dirty Harry,1971-07-14,7.5,en
271706,Big Fish & Begonia,2016-07-08,7.5,zh
10110,Empire of the Sun,1987-12-09,7.5,en
783,Gandhi,1982-11-30,7.5,en
431937,Mr & Mme Adelman,2017-03-08,7.5,fr
1579,Apocalypto,2006-12-07,7.5,en
334541,Manchester by the Sea,2016-11-18,7.5,en
625,The Killing Fields,1984-11-02,7.5,en
179144,The Great Beauty,2013-05-21,7.5,it
16328,Johnny Got His Gun,1971-08-04,7.5,en
13528,Gaslight,1944-05-04,7.5,en
489418,In Safe Hands,2018-12-05,7.5,fr
5781,That Obscure Object of Desire,1977-08-17,7.5,fr
1372,Blood Diamond,2006-01-26,7.5,en
470878,I Can Only Imagine,2018-02-14,7.5,en
451480,The Guernsey Literary & Potato Peel Pie Society,2018-04-19,7.5,en
481848,The Call of the Wild,2020-02-19,7.6,en
459670,Turma da Mônica: Laços,2019-06-27,7.6,pt
416144,Hotel Mumbai,2019-03-14,7.6,en
14736,Love & Basketball,2000-04-21,7.6,en
379019,My Blind Date with Life,2017-01-26,7.6,de
375262,The Favourite,2018-11-23,7.6,en
308369,Me and Earl and the Dying Girl,2015-06-12,7.6,en
487558,BlacKkKlansman,2018-07-30,7.6,en
594328,Phineas and Ferb the Movie: Candace Against the Universe,2020-08-28,7.6,en
451657,Custody,2018-01-25,7.6,fr
137,Groundhog Day,1993-02-11,7.6,en
484751,Through the Fire,2018-11-28,7.6,fr
71859,We Need to Talk About Kevin,2011-09-28,7.6,en
109424,Captain Phillips,2013-10-10,7.6,en
17057,In a Lonely Place,1950-05-17,7.6,en
12102,Kramer vs. Kramer,1979-12-19,7.6,en
369299,Don't Blame the Kid,2016-05-13,7.6,es
12498,Sling Blade,1996-08-30,7.6,en
582014,Promising Young Woman,2020-12-13,7.6,en
630,The Wizard of Oz,1939-08-15,7.6,en
11016,Key Largo,1948-07-16,7.6,en
4291,Kikujiro,1999-06-05,7.6,ja
491418,Instant Family,2018-11-16,7.6,en
2000,"Aguirre, the Wrath of God",1972-12-29,7.6,de
431580,Abominable,2019-09-19,7.6,en
483980,Z-O-M-B-I-E-S,2018-02-16,7.5,en
4982,American Gangster,2007-11-02,7.6,en
413279,Team Thor,2016-08-28,7.6,en
520172,Happiest Season,2020-11-26,7.6,en
3558,"Girl, Interrupted",1999-03-24,7.6,en
627725,The Banker,2020-03-06,7.6,en
948,Halloween,1978-10-24,7.6,en
12169,The First Day of the Rest of Your Life,2008-07-23,7.6,fr
2786,Pierrot le Fou,1965-08-29,7.6,fr
41498,One Piece Film: Strong World,2009-12-12,7.6,ja
2649,The Game,1997-09-12,7.6,en
327331,The Dirt,2019-03-22,7.6,en
283587,Beasts of No Nation,2015-09-11,7.6,en
9343,Fitzcarraldo,1982-03-02,7.6,de
11046,Where Eagles Dare,1968-12-04,7.6,en
221731,Rurouni Kenshin Part II: Kyoto Inferno,2014-08-01,7.6,ja
9289,The Longest Day,1962-09-25,7.6,en
306819,The Danish Girl,2015-01-01,7.6,en
64690,Drive,2011-06-17,7.6,en
1654,The Dirty Dozen,1967-06-15,7.6,en
15014,Bianca,1984-02-23,7.6,it
14813,Mickey's Christmas Carol,1983-10-19,7.6,en
11657,Le Cercle Rouge,1970-10-19,7.6,fr
4995,Boogie Nights,1997-10-07,7.6,en
385103,Scoob!,2020-07-08,7.3,en
9444,Anastasia,1997-11-20,7.6,en
578,Jaws,1975-06-18,7.6,en
17058,Scarlet Street,1945-12-25,7.6,en
642,Butch Cassidy and the Sundance Kid,1969-09-23,7.6,en
1093,Elevator to the Gallows,1958-01-29,7.6,fr
4960,"Synecdoche, New York",2008-10-24,7.6,en
14784,The Fall,2006-01-01,7.6,en
2493,The Princess Bride,1987-09-25,7.6,en
44214,Black Swan,2010-12-03,7.6,en
11562,Crimes and Misdemeanors,1989-10-13,7.6,en
63,Twelve Monkeys,1995-12-29,7.6,en
21734,Shadow of a Doubt,1943-01-15,7.6,en
21832,Neon Genesis Evangelion: Death and Rebirth,1997-03-15,7.6,ja
277834,Moana,2016-11-23,7.6,en
11969,Tombstone,1993-12-25,7.6,en
36685,The Rocky Horror Picture Show,1975-08-14,7.6,en
9040,Serpico,1973-12-05,7.6,en
284053,Thor: Ragnarok,2017-10-25,7.6,en
246741,What We Do in the Shadows,2014-06-19,7.6,en
507569,The Seven Deadly Sins: Prisoners of the Sky,2018-08-18,7.6,ja
212,Arsenic and Old Lace,1944-09-01,7.6,en
4593,The Discreet Charm of the Bourgeoisie,1972-09-15,7.6,fr
38757,Tangled,2010-11-24,7.6,en
57158,The Hobbit: The Desolation of Smaug,2013-12-11,7.6,en
264660,Ex Machina,2015-01-16,7.6,en
375785,Then Came You,2019-02-01,7.6,en
4909,The Day of the Jackal,1973-05-15,7.6,en
49361,Don't Torture a Duckling,1972-09-29,7.5,it
433,Mary Poppins,1964-08-27,7.6,en
966,The Magnificent Seven,1960-04-14,7.6,en
18900,In Cold Blood,1967-12-15,7.6,en
434616,Patients,2017-03-01,7.5,fr
37181,About Elly,2009-06-06,7.5,fa
601,E.T. the Extra-Terrestrial,1982-06-11,7.5,en
565310,The Farewell,2019-07-12,7.5,en
228326,The Book of Life,2014-10-01,7.5,en
31767,The Devils,1971-07-01,7.5,en
9016,Treasure Planet,2002-11-26,7.5,en
13151,Scooby-Doo on Zombie Island,1998-09-22,7.5,en
11030,Zelig,1983-07-15,7.5,en
10747,The Outlaw Josey Wales,1976-06-26,7.5,en
475,Bonnie and Clyde,1967-07-18,7.5,en
546121,Run,2020-11-20,7.5,en
366170,Yu-Gi-Oh!: The Dark Side of Dimensions,2016-04-23,7.5,ja
186,Lucky Number Slevin,2006-02-24,7.5,en
377273,Aquarius,2016-09-01,7.5,pt
58451,The Adventures of Pinocchio,1972-12-21,7.5,it
380225,Like Crazy,2016-05-17,7.4,it
828,The Day the Earth Stood Still,1951-09-28,7.5,en
7214,Coach Carter,2005-01-14,7.5,en
1360,Frida,2002-08-29,7.5,en
874,A Man for All Seasons,1966-12-13,7.4,en
13377,How the Grinch Stole Christmas!,1966-12-18,7.4,en
1813,The Devil's Advocate,1997-10-17,7.4,en
37472,Ip Man 2,2010-04-29,7.4,cn
2056,The Station Agent,2003-01-26,7.4,en
15764,Sophie's Choice,1982-12-08,7.4,en
568,Apollo 13,1995-06-30,7.4,en
250219,I Can Quit Whenever I Want,2014-02-06,7.4,it
33997,Desert Flower,2009-09-24,7.4,en
10435,Chaplin,1992-12-17,7.4,en
489930,Blindspotting,2018-07-20,7.4,en
43920,Dog Pound,2010-04-24,7.4,en
13199,American Me,1992-03-13,7.4,en
206487,Predestination,2014-08-28,7.4,en
497582,Enola Holmes,2020-09-23,7.4,en
9509,Man on Fire,2004-04-23,7.4,en
39323,Dragon Ball Z: Bardock - The Father of Goku,1990-10-17,7.4,ja
47735,Summer with Monika,1953-02-09,7.4,sv
634528,The Marksman,2021-01-15,7.4,en
22538,Scott Pilgrim vs. the World,2010-08-12,7.4,en
3086,The Lady Eve,1941-02-25,7.4,en
4133,Blow,2001-04-04,7.4,en
2898,As Good as It Gets,1997-12-19,7.4,en
4476,Legends of the Fall,1994-12-16,7.4,en
284054,Black Panther,2018-02-13,7.4,en
30061,Justice League: Crisis on Two Earths,2010-02-23,7.4,en
24192,The Gospel According to Matthew,1965-04-09,7.4,it
19100,Those Happy Days,2006-06-28,7.4,fr
26963,The Secret of Kells,2009-02-09,7.4,en
161,Ocean's Eleven,2001-12-07,7.4,en
5967,The Umbrellas of Cherbourg,1964-02-19,7.4,fr
4710,Masculin Féminin,1966-03-22,7.4,fr
463257,The Peanut Butter Falcon,2019-08-09,7.4,en
10794,The Party,1968-04-04,7.4,en
8356,An Affair to Remember,1957-07-11,7.4,en
94329,The Raid,2012-03-22,7.4,id
760,The Mad Adventures of Rabbi Jacob,1973-10-17,7.4,fr
1523,The Last King of Scotland,2006-01-12,7.4,en
49020,Submarine,2011-03-18,7.4,en
1669,The Hunt for Red October,1990-03-02,7.4,en
1391,Y Tu Mamá También,2001-06-08,7.4,es
11615,The Life of David Gale,2003-02-21,7.4,en
4203,Women on the Verge of a Nervous Breakdown,1988-03-14,7.4,es
192,The Name of the Rose,1986-09-24,7.4,en
417320,Descendants 2,2017-07-21,7.4,en
16633,Somewhere in Time,1980-10-02,7.4,en
26900,The Bandit,1996-11-29,7.4,tr
1052,Blow-Up,1966-12-18,7.4,en
8741,The Thin Red Line,1998-03-05,7.4,en
713,The Piano,1993-05-19,7.4,en
190859,American Sniper,2014-12-11,7.4,en
293863,The Age of Adaline,2015-04-16,7.4,en
38985,Sorcerer,1977-06-24,7.4,en
13446,Withnail & I,1987-06-19,7.4,en
377263,Frantz,2016-09-07,7.4,fr
193756,Lone Survivor,2013-12-24,7.4,en
14645,Santa Claus Is a Stinker,1982-08-25,7.4,fr
388,Inside Man,2006-03-17,7.4,en
3766,The Lady from Shanghai,1947-12-24,7.4,en
9571,Dazed and Confused,1993-09-24,7.4,en
118412,Berserk: The Golden Age Arc II - The Battle for Doldrey,2012-06-23,7.4,ja
242,The Godfather: Part III,1990-12-25,7.4,en
11589,Kelly's Heroes,1970-06-22,7.4,en
1653,The Motorcycle Diaries,2004-02-06,7.4,es
16372,The Innocents,1961-12-15,7.4,en
5503,The Fugitive,1993-08-06,7.4,en
491584,Burning,2018-05-17,7.4,ko
9299,Thesis,1996-04-11,7.4,es
2639,Deconstructing Harry,1997-12-12,7.4,en
7452,"The Cook, the Thief, His Wife & Her Lover",1989-10-13,7.4,en
433498,Papillon,2017-09-07,7.4,en
11416,The Mission,1986-09-29,7.4,en
1542,Office Space,1999-02-19,7.4,en
271110,Captain America: Civil War,2016-04-27,7.4,en
26638,Red Desert,1964-09-04,7.4,it
427,Mon Oncle,1958-05-10,7.4,fr
25623,House,1977-08-26,7.4,ja
31682,The Incredible Shrinking Man,1957-02-22,7.4,en
7863,Shine,1996-08-15,7.4,en
319373,Sweet Bean,2015-05-30,7.4,ja
756,Fantasia,1940-11-13,7.4,en
545609,Extraction,2020-04-24,7.4,en
284052,Doctor Strange,2016-10-25,7.4,en
64682,The Great Gatsby,2013-05-10,7.4,en
40794,Loose Cannons,2010-02-12,7.4,it
153,Lost in Translation,2003-09-18,7.4,en
8810,Mad Max 2,1981-12-24,7.4,en
1554,Down by Law,1986-09-20,7.4,en
37135,Tarzan,1999-06-18,7.4,en
440596,Kiss and Cry,2017-02-10,7.4,en
15600,Missing,1982-02-12,7.4,en
165213,New World,2013-02-21,7.4,ko
140,Bad Education,2004-03-19,7.4,es
13689,Peaceful Warrior,2006-03-30,7.4,en
6003,Romeo and Juliet,1968-04-02,7.4,en
560050,Over the Moon,2020-10-16,7.4,en
302528,Remember,2015-10-23,7.4,en
3109,The Quiet Man,1952-07-21,7.4,en
72213,Courageous,2011-09-30,7.4,en
10849,The Purple Rose of Cairo,1985-03-01,7.4,en
6114,Bram Stoker's Dracula,1992-11-13,7.4,en
763,Braindead,1992-08-13,7.4,en
2292,Clerks,1994-09-13,7.4,en
610120,Anima,2019-06-27,7.4,en
458156,John Wick: Chapter 3 - Parabellum,2019-05-15,7.4,en
2798,Oscar,1967-10-11,7.4,fr
1677,Ray,2004-10-29,7.4,en
13475,Star Trek,2009-05-06,7.4,en
406385,I Can Quit Whenever I Want 2: Masterclass,2017-02-02,7.4,it
12207,The Legend of Drunken Master,1994-02-03,7.4,cn
11206,Wait Until Dark,1967-10-26,7.4,en
24226,The Verdict,1982-12-08,7.4,en
516486,Greyhound,2020-07-10,7.4,en
1368,First Blood,1982-10-22,7.4,en
212167,Patema Inverted,2013-11-09,7.4,ja
2757,Adaptation.,2002-12-06,7.4,en
2291,Jacob's Ladder,1990-11-02,7.4,en
114,Pretty Woman,1990-03-23,7.4,en
902,The City of Lost Children,1995-08-17,7.4,fr
288,High Noon,1952-06-09,7.7,en
5910,Fireworks,1997-11-05,7.7,ja
42801,"Yesterday, Today and Tomorrow",1963-12-21,7.6,it
347201,Boruto: Naruto the Movie,2015-08-07,7.7,ja
50531,Ask Me If I Am Happy,2000-12-15,7.7,it
364111,The Anthem of the Heart,2015-09-19,7.7,ja
286217,The Martian,2015-09-30,7.7,en
1587,What's Eating Gilbert Grape,1993-12-17,7.7,en
28580,The Lost Weekend,1945-11-29,7.7,en
1939,Laura,1944-10-11,7.7,en
13562,My Man Godfrey,1936-09-02,7.7,en
1859,Ninotchka,1939-11-23,7.7,en
11474,The Warriors,1979-02-09,7.7,en
2433,The Young Girls of Rochefort,1967-03-08,7.7,fr
976,Sweet Smell of Success,1957-07-04,7.7,en
808,Shrek,2001-05-18,7.7,en
10322,Being There,1979-12-19,7.7,en
244063,Boys,2014-01-08,7.7,nl
13386,I'm Starting from Three,1981-03-05,7.7,it
824,Moulin Rouge!,2001-05-24,7.6,en
1632,Mississippi Burning,1988-12-08,7.7,en
158,Knockin' on Heaven's Door,1997-02-20,7.6,de
55,Amores Perros,2000-06-16,7.6,es
11356,The Odd Couple,1968-05-16,7.6,en
1726,Iron Man,2008-04-30,7.6,en
111083,The Body,2012-10-04,7.6,es
3133,Badlands,1973-10-15,7.6,en
489999,Searching,2018-08-24,7.6,en
900,Bringing Up Baby,1938-02-18,7.6,en
198375,The Garden of Words,2013-05-31,7.6,ja
222935,The Fault in Our Stars,2014-05-16,7.6,en
5143,Hannah and Her Sisters,1986-02-07,7.6,en
43904,L'Atalante,1934-04-24,7.6,fr
484468,The Wolf's Call,2019-02-20,7.6,fr
483184,Dogman,2018-05-17,7.6,it
31417,Eyes Without a Face,1960-01-11,7.6,fr
10161,My Left Foot: The Story of Christy Brown,1989-04-07,7.6,en
10637,Remember the Titans,2000-09-29,7.6,en
11782,Hard Boiled,1992-04-16,7.6,cn
382748,Stargirl,2020-03-10,7.6,en
1600,The Double Life of Véronique,1991-05-15,7.6,fr
64,Talk to Her,2002-03-14,7.6,es
1933,The Others,2001-08-02,7.6,en
13466,October Sky,1999-02-19,7.6,en
514754,Bao,2018-06-15,7.6,en
9693,Children of Men,2006-09-22,7.6,en
244267,I Origins,2014-07-18,7.6,en
13413,BURN·E,2008-11-17,7.6,en
21575,A Prophet,2009-08-26,7.6,fr
1678,Godzilla,1954-11-03,7.6,ja
1913,The Sea Inside,2004-09-03,7.6,es
638,Lost Highway,1997-01-15,7.6,en
10778,The Man Who Wasn't There,2001-10-26,7.6,en
5165,L'Avventura,1960-06-29,7.6,it
9912,The World's Fastest Indian,2005-10-12,7.6,en
11362,The Count of Monte Cristo,2002-01-23,7.6,en
673595,Maggie Simpson in Playdate with Destiny,2020-02-29,7.6,en
11040,Little Big Man,1970-12-14,7.6,en
417261,Forever My Girl,2018-01-26,7.6,en
51739,The Secret World of Arrietty,2010-07-16,7.6,ja
595975,La Belle Époque,2019-11-06,7.5,fr
451499,School of Life,2017-02-22,7.5,fr
484747,Little Tickles,2018-11-14,7.5,fr
13384,Kes,1970-04-03,7.5,en
9075,Black Book,2006-09-01,7.5,nl
4254,Kal Ho Naa Ho,2003-11-27,7.5,hi
649,Belle de Jour,1967-05-24,7.5,fr
11829,Trinity Is Still My Name,1971-10-21,7.5,it
544401,Cherry,2021-02-26,7.5,en
11544,Lilo & Stitch,2002-06-21,7.5,en
552178,Dark Waters,2019-11-22,7.5,en
226,Boys Don't Cry,1999-09-02,7.5,en
15919,Marty,1955-04-11,7.5,en
9516,Menace II Society,1993-05-26,7.5,en
11202,Patton,1970-01-25,7.5,en
446893,Trolls World Tour,2020-03-11,7.5,en
21450,Naked,1993-09-14,7.5,en
634544,Uncle Frank,2020-11-25,7.5,en
132344,Before Midnight,2013-04-05,7.5,en
244088,Human Capital,2014-01-09,7.5,it
39356,Boy,2010-02-14,7.4,en
10911,The Guns of Navarone,1961-04-27,7.4,en
16320,Serenity,2005-09-03,7.4,en
88273,A Royal Affair,2012-03-29,7.4,da
6644,El Dorado,1966-12-17,7.4,en
9662,The Triplets of Belleville,2003-06-11,7.4,fr
25866,The Sucker,1965-03-24,7.4,fr
11661,Joyeux Noel,2005-11-09,7.4,fr
1245,The Remains of the Day,1993-11-05,7.4,en
12776,Johnny Stecchino,1991-10-24,7.4,it
853,Enemy at the Gates,2001-03-14,7.4,en
176,Saw,2004-10-01,7.4,en
312221,Creed,2015-11-25,7.4,en
290762,Miss You Already,2015-09-12,7.4,en
157354,Fruitvale Station,2013-07-26,7.4,en
14433,Zulu,1964-01-22,7.4,en
462,Erin Brockovich,2000-03-17,7.4,en
121986,Frances Ha,2013-05-17,7.4,en
260,The 39 Steps,1935-06-06,7.4,en
353081,Mission: Impossible - Fallout,2018-07-13,7.4,en
